{"cameraMode":{"drawMode":0,"name":"Shaded","section":"Shading Mode"},"sceneLighting":true,"audioPlay":false,"sceneViewState":{"m_AlwaysRefresh":false,"showFog":true,"showSkybox":true,"showFlares":true,"showImageEffects":true,"showParticleSystems":true,"showVisualEffectGraphs":true,"m_FxEnabled":true},"in2DMode":false,"pivot":{"x":125.05604553222656,"y":-98.22622680664063,"z":17.682241439819337},"rotation":{"x":0.24590422213077546,"y":0.6263778209686279,"z":-0.21793314814567567,"w":0.7068378329277039},"size":89.69432830810547,"orthographic":false}