{"cameraMode":{"drawMode":0,"name":"Shaded","section":"Shading Mode"},"sceneLighting":false,"audioPlay":false,"sceneViewState":{"m_AlwaysRefresh":false,"showFog":true,"showSkybox":false,"showFlares":true,"showImageEffects":true,"showParticleSystems":true,"showVisualEffectGraphs":true,"m_FxEnabled":true},"in2DMode":false,"pivot":{"x":8.427253723144532,"y":-67.4357681274414,"z":415.48638916015627},"rotation":{"x":0.08420529961585999,"y":0.006602478679269552,"z":-0.000556608138140291,"w":0.9964008331298828},"size":223.90267944335938,"orthographic":false}